kanji	index		meaning
一	1	1	one
二	2	2	two
三	3	3	three
四	4	4	four
五	5	5	five
六	6	6	six
七	7	7	seven
八	8	8	eight
九	9	9	nine
十	10	10	ten
口	11	11	mouth
日	12	12	day
月	13	13	month
田	14	14	rice field
目	15	15	eye
古	16	16	old
吾	17	17	I
冒	18	18	risk
朋	19	19	companion
明	20	20	bright
唱	21	21	chant
晶	22	22	sparkle
品	23	23	goods
呂	24	24	spine
昌	25	25	prosperous
早	26	26	early
旭	27	27	rising sun
世	28	28	generation
胃	29	29	stomach
旦	30	30	nightbreak
胆	31	31	gall bladder
亘	32	32	span
凹	33	33	concave
凸	34	34	convex
旧	35	35	olden times
自	36	36	oneself
白	37	37	white
百	38	38	hundred
中	39	39	in
千	40	40	thousand
舌	41	41	tongue
升	42	42	measuring box
昇	43	43	rise up
丸	44	44	round
寸	45	45	measurement
肘	45A	46	elbow
専	46	47	specialty
博	47	48	Dr.
占	48	49	fortune-telling
上	49	50	above
下	50	51	below
卓	51	52	eminent
朝	52	53	morning
嘲	52A	54	derision
只	53	55	only
貝	54	56	shellfish
唄	54A	57	pop song
貞	55	58	upright
員	56	59	employee
貼	56A	60	post a bill
見	57	61	see
児	58	62	newborn babe
元	59	63	beginning
頁	60	64	page
頑	61	65	stubborn
凡	62	66	mediocre
負	63	67	defeat
万	64	68	ten thousand
句	65	69	phrase
肌	66	70	texture
旬	67	71	decameron
勺	68	72	ladle
的	69	73	bull's eye
首	70	74	neck
乙	71	75	fish guts
乱	72	76	riot
直	73	77	straightaway
具	74	78	tool
真	75	79	TRUE
工	76	80	craft
左	77	81	left
右	78	82	right
有	79	83	possess
賄	80	84	bribe
貢	81	85	tribute
項	82	86	paragraph
刀	83	87	sword
刃	84	88	blade
切	85	89	cut
召	86	90	seduce
昭	87	91	shining
則	88	92	rule
副	89	93	vice-
別	90	94	separate
丁	91	95	street
町	92	96	village
可	93	97	can
頂	94	98	place on the head
子	95	99	child
孔	96	100	cavity
了	97	101	complete
女	98	102	woman
好	99	103	fond
如	100	104	likeness
母	101	105	mama
貫	102	106	pierce
兄	103	107	elder brother
呪	103A	108	curse
克	104	109	overcome
小	105	110	little
少	106	111	few
大	107	112	large
多	108	113	many
夕	109	114	evening
汐	110	115	eventide
外	111	116	outside
名	112	117	name
石	113	118	stone
肖	114	119	resemblance
硝	115	120	nitrate
砕	116	121	smash
砂	117	122	sand
妬	117A	123	jealous
削	118	124	plane
光	119	125	ray
太	120	126	plump
器	121	127	utensil
臭	122	128	stinking
嗅	122A	129	sniff
妙	123	130	exquisite
省	124	131	focus
厚	125	132	thick
奇	126	133	strange
川	127	134	stream
州	128	135	state
順	129	136	obey
水	130	137	water
氷	131	138	icicle
永	132	139	eternity
泉	133	140	spring
腺	133A	141	gland
原	134	142	meadow
願	135	143	petition
泳	136	144	swim
沼	137	145	marsh
沖	138	146	open sea
汎	138A	147	pan-
江	139	148	creek
汰	139A	149	cleanse
汁	140	150	soup
沙	140A	151	grains of sand
潮	141	152	tide
源	142	153	source
活	143	154	lively
消	144	155	extinguish
況	145	156	but of course
河	146	157	river
泊	147	158	overnight
湖	148	159	lake
測	149	160	fathom
土	150	161	soil
吐	151	162	spit
圧	152	163	pressure
埼	153	164	cape
垣	154	165	hedge
填	154A	166	inlay
圭	155	167	squared jewel
封	156	168	seal
涯	157	169	horizon
寺	158	170	Buddhist temple
時	159	171	time
均	160	172	level
火	161	173	fire
炎	162	174	inflammation
煩	163	175	anxiety
淡	164	176	thin
灯	165	177	lamp
畑	166	178	farm
災	167	179	disaster
灰	168	180	ashes
点	169	181	spot
照	170	182	illuminate
魚	171	183	fish
漁	172	184	fishing
里	173	185	ri
黒	174	186	black
墨	175	187	black ink
鯉	176	188	carp
量	177	189	quantity
厘	178	190	rin
埋	179	191	bury
同	180	192	same
洞	181	193	den
胴	182	194	trunk
向	183	195	yonder
尚	184	196	esteem
字	185	197	character
守	186	198	guard
完	187	199	perfect
宣	188	200	proclaim
宵	189	201	wee hours
安	190	202	relax
宴	191	203	banquet
寄	192	204	draw near
富	193	205	wealth
貯	194	206	savings
木	195	207	tree
林	196	208	grove
森	197	209	forest
桂	198	210	Japanese Judas-tree
柏	199	211	oak
枠	200	212	frame
梢	201	213	treetops
棚	202	214	shelf
杏	203	215	apricot
桐	204	216	paulownia
植	205	217	plant
椅	205A	218	chair
枯	206	219	wither
朴	207	220	crude
村	208	221	town
相	209	222	inter-
机	210	223	desk
本	211	224	book
札	212	225	tag
暦	213	226	calendar
案	214	227	plan
燥	215	228	parch
未	216	229	not yet
昧	216A	231	obscure
末	217	230	extremity
沫	218	232	splash
味	219	233	flavor
妹	220	234	younger sister
朱	221	235	vermilion
株	222	236	stocks
若	223	237	young
草	224	238	grass
苦	225	239	suffering
苛	225A	240	bullying
寛	226	241	tolerant
薄	227	242	dilute
葉	228	243	leaf
模	229	244	imitation
漠	230	245	vague
墓	231	246	grave
暮	232	247	livelihood
膜	233	248	membrane
苗	234	249	seedling
兆	235	250	portent
桃	236	251	peach tree
眺	237	252	stare
犬	238	253	dog
状	239	254	status quo
黙	240	255	silence
然	241	256	sort of thing
荻	242	257	reed
狩	243	258	hunt
猫	244	259	cat
牛	245	260	cow
特	246	261	special
告	247	262	revelation
先	248	263	before
洗	249	264	wash
介	250	265	jammed in
界	251	266	world
茶	252	267	tea
脊	252A	268	spinal column
合	253	269	fit
塔	254	270	pagoda
王	255	271	king
玉	256	272	jewel
宝	257	273	treasure
珠	258	274	pearl
現	259	275	present
玩	259A	276	toy
狂	260	277	lunatic
旺	260A	278	effulgent
皇	261	279	emperor
呈	262	280	display
全	263	281	whole
栓	264	282	plug
理	265	283	logic
主	266	284	lord
注	267	285	pour
柱	268	286	pillar
金	269	287	gold
銑	270	288	pig iron
鉢	271	289	bowl
銅	272	290	copper
釣	273	291	angling
針	274	292	needle
銘	275	293	inscription
鎮	276	294	tranquillize
道	277	295	road-way
導	278	296	guidance
辻	279	297	crossing
迅	280	298	swift
造	281	299	create
迫	282	300	urge
逃	283	301	escape
辺	284	302	environs
巡	285	303	patrol
車	286	304	car
連	287	305	take along
軌	288	306	rut
輸	289	307	transport
喻	289A	308	metaphor
喩	289A	308	metaphor
前	290	309	in front
煎	290A	310	roast
各	291	311	each
格	292	312	status
賂	292A	313	graft
略	293	314	abbreviation
客	294	315	guest
額	295	316	forehead
夏	296	317	summer
処	297	318	dispose
条	298	319	twig
落	299	320	fall
冗	300	321	superfluous
冥	300A	322	Hades
軍	301	323	army
輝	302	324	radiance
運	303	325	carry
冠	304	326	crown
夢	305	327	dream
坑	306	328	pit
高	307	329	tall
享	308	330	receive
塾	309	331	cram school
熟	310	332	mellow
亭	311	333	pavilion
京	312	334	capital
涼	313	335	refreshing
景	314	336	scenery
鯨	315	337	whale
舎	316	338	cottage
周	317	339	circumference
週	318	340	week
士	319	341	gentleman
吉	320	342	good luck
壮	321	343	robust
荘	322	344	villa
売	323	345	sell
学	324	346	study
覚	325	347	memorize
栄	326	348	flourish
書	327	349	write
津	328	350	haven
牧	329	351	breed
攻	330	352	aggression
敗	331	353	failure
枚	332	354	sheet of
故	333	355	happenstance
敬	334	356	awe
言	335	357	say
警	336	358	admonish
計	337	359	plot
詮	337A	360	elucidate
獄	338	361	prison
訂	339	362	revise
訃	339A	363	obituary
討	340	364	chastise
訓	341	365	instruction
詔	342	366	imperial edict
詰	343	367	packed
話	344	368	tale
詠	345	369	recitation
詩	346	370	poem
語	347	371	word
読	348	372	read
調	349	373	tune
談	350	374	discuss
諾	351	375	consent
諭	352	376	rebuke
式	353	377	style
試	354	378	test
弐	355	379	II (two)
域	356	380	range
賊	357	381	burglar
栽	358	382	plantation
載	359	383	load
茂	360	384	overgrown
戚	360A	385	relatives
成	361	386	turn into
城	362	387	castle
誠	363	388	sincerity
威	364	389	intimidate
滅	365	390	destroy
減	366	391	dwindle
蔑	366A	392	revile
桟	367	393	scaffold
銭	368	394	coin
浅	369	395	shallow
止	370	396	stop
歩	371	397	walk
渉	372	398	ford
頻	373	399	repeatedly
肯	374	400	agreement
企	375	401	undertake
歴	376	402	curriculum
武	377	403	warrior
賦	378	404	levy
正	379	405	correct
証	380	406	evidence
政	381	407	politics
定	382	408	determine
錠	383	409	lock
走	384	410	run
超	385	411	transcend
赴	386	412	proceed
越	387	413	surpass
是	388	414	just so
題	389	415	topic
堤	390	416	dike
建	391	417	build
鍵	391A	418	key
延	392	419	prolong
誕	393	420	nativity
礎	394	421	cornerstone
婿	395	422	bridegroom
衣	396	423	garment
裁	397	424	tailor
装	398	425	attire
裏	399	426	back
壊	400	427	demolition
哀	401	428	pathetic
遠	402	429	distant
猿	403	430	monkey
初	404	431	first time
巾	404A	432	towel
布	405	433	linen
帆	406	434	sail
幅	407	435	hanging scroll
帽	408	436	cap
幕	409	437	curtain
幌	410	438	canopy
錦	411	439	brocade
市	412	440	market
柿	412A	441	persimmon
姉	413	442	elder sister
肺	414	443	lungs
帯	415	444	sash
滞	416	445	stagnate
刺	417	446	thorn
制	418	447	system
製	419	448	made in...
転	420	449	revolve
芸	421	450	technique
雨	422	451	rain
雲	423	452	cloud
曇	424	453	cloudy weather
雷	425	454	thunder
霜	426	455	frost
冬	427	456	winter
天	428	457	heavens
妖	428A	458	bewitched
沃	428B	459	irrigate
橋	429	460	bridge
嬌	430	461	attractive
立	431	462	stand up
泣	432	463	cry
章	433	464	badge
競	434	465	vie
帝	435	466	sovereign
諦	435A	467	renunciation
童	436	468	juvenile
瞳	437	469	pupil
鐘	438	470	bell
商	439	471	make a deal
嫡	440	472	legitimate wife
適	441	473	suitable
滴	442	474	drip
敵	443	475	enemy
匕	444	476	spoon
叱	444A	477	scold
匂	444B	478	aroma
頃	444C	479	about that time
北	445	480	north
背	446	481	stature
比	447	482	compare
昆	448	483	descendants
皆	449	484	all
楷	449A	485	block letters
諧	449B	486	orderliness
混	450	487	mix
渇	451	488	thirst
謁	452	489	audience
褐	453	490	brown
喝	454	491	hoarse
葛	454A	492	kudzu
旨	455	493	delicious
脂	456	494	fat
詣	456A	495	visit a shrine
壱	457	496	I (one)
毎	458	497	every
敏	459	498	cleverness
梅	460	499	plum
海	461	500	sea
乞	462	501	beg
乾	463	502	drought
腹	464	503	abdomen
複	465	504	duplicate
欠	466	505	lack
吹	467	506	blow
炊	468	507	cook
歌	469	508	song
軟	470	509	soft
次	471	510	next
茨	472	511	briar
資	473	512	assets
姿	474	513	figure
諮	475	514	consult with
賠	476	515	compensation
培	477	516	cultivate
剖	478	517	divide
音	479	518	sound
暗	480	519	darkness
韻	481	520	rhyme
識	482	521	discriminating
鏡	483	522	mirror
境	484	523	boundary
亡	485	524	deceased
盲	486	525	blind
妄	487	526	delusion
荒	488	527	laid waste
望	489	528	ambition
方	490	529	direction
妨	491	530	disturb
坊	492	531	boy
芳	493	532	perfumed
肪	494	533	obese
訪	495	534	call on
放	496	535	set free
激	497	536	violent
脱	498	537	undress
説	499	538	rumor
鋭	500	539	pointed
曽	501	540	formerly
増	502	541	increase
贈	503	542	presents
東	504	543	east
棟	505	544	ridgepole
凍	506	545	frozen
妊	507	546	pregnancy
廷	508	547	courts
染	509	548	dye
燃	510	549	burn
賓	511	550	V.I.P.
歳	512	551	year-end
県	513	552	prefecture
栃	514	553	horse chestnut
地	515	554	ground
池	516	555	pond
虫	517	556	insect
蛍	518	557	lightning bug
蛇	519	558	snake
虹	520	559	rainbow
蝶	521	560	butterfly
独	522	561	single
蚕	523	562	silkworm
風	524	563	wind
己	525	564	self
起	526	565	rouse
妃	527	566	queen
改	528	567	reformation
記	529	568	scribe
包	530	569	wrap
胞	531	570	placenta
砲	532	571	cannon
泡	533	572	bubble
亀	534	573	tortoise
電	535	574	electricity
竜	536	575	dragon
滝	537	576	waterfall
豚	538	577	pork
逐	539	578	pursue
遂	540	579	consummate
家	541	580	house
嫁	542	581	marry into
豪	543	582	overpowering
腸	544	583	intestines
場	545	584	location
湯	546	585	hot water
羊	547	586	sheep
美	548	587	beauty
洋	549	588	ocean
詳	550	589	detailed
鮮	551	590	fresh
達	552	591	accomplished
羨	553	592	envious
差	554	593	distinction
着	555	594	don
唯	556	595	solely
堆	556A	596	piled high
椎	556B	597	sweet oak
誰	556C	598	who
焦	557	599	char
礁	558	600	reef
集	559	601	gather
准	560	602	quasi-
進	561	603	advance
雑	562	604	miscellaneous
雌	563	605	feminine
準	564	606	semi-
奮	565	607	stirred up
奪	566	608	rob
確	567	609	assurance
午	568	610	noon
許	569	611	permit
歓	570	612	delight
権	571	613	authority
観	572	614	outlook
羽	573	615	feathers
習	574	616	learn
翌	575	617	the following
曜	576	618	weekday
濯	577	619	laundry
曰	578	620	sayeth
困	579	621	quandary
固	580	622	harden
錮	580A	623	weld
国	581	624	country
団	582	625	group
因	583	626	cause
咽	583A	628	windpipe
姻	584	627	matrimony
園	585	629	park
回	586	630	-times
壇	587	631	podium
店	588	632	store
庫	589	633	warehouse
庭	590	634	courtyard
庁	591	635	government office
床	592	636	bed
麻	593	637	hemp
磨	594	638	grind
心	595	639	heart
忘	596	640	forget
恣	596A	641	selfish
忍	597	642	endure
認	598	643	acknowledge
忌	599	644	mourning
志	600	645	intention
芯	600A	647	wick
誌	601	646	document
忠	602	648	loyalty
串	603	649	shish kebab
患	604	650	afflicted
思	605	651	think
恩	606	652	grace
応	607	653	apply
意	608	654	idea
臆	608A	655	cowardice
想	609	656	concept
息	610	657	breath
憩	611	658	recess
恵	612	659	favor
恐	613	660	fear
惑	614	661	beguile
感	615	662	emotion
憂	616	663	melancholy
寡	617	664	widow
忙	618	665	busy
悦	619	666	ecstasy
恒	620	667	constancy
悼	621	668	lament
悟	622	669	enlightenment
怖	623	670	dreadful
慌	624	671	disconcerted
悔	625	672	repent
憎	626	673	hate
慣	627	674	accustomed
愉	628	675	pleasure
惰	629	676	lazy
慎	630	677	humility
憾	631	678	remorse
憶	632	679	recollection
惧	632A	680	disquieting
憧	632B	681	yearn
憬	632C	682	hanker
慕	633	683	pining
添	634	684	annexed
必	635	685	invariably
泌	636	686	ooze
手	637	687	hand
看	638	688	watch over
摩	639	689	chafe
我	640	690	ego
義	641	691	righteousness
議	642	692	deliberation
犠	643	693	sacrifice
抹	644	694	rub
拭	644A	695	wipe
拉	644B	696	yank
抱	645	697	embrace
搭	646	698	board
抄	647	699	extract
抗	648	700	confront
批	649	701	criticism
招	650	702	beckon
拓	651	703	clear the land
拍	652	704	clap
打	653	705	strike
拘	654	706	arrest
捨	655	707	discard
拐	656	708	kidnap
摘	657	709	pinch
挑	658	710	challenge
指	659	711	finger
持	660	712	hold
拶	660A	713	imminent
括	661	714	fasten
揮	662	715	brandish
推	663	716	conjecture
揚	664	717	hoist
提	665	718	propose
損	666	719	damage
拾	667	720	pick up
担	668	721	shouldering
拠	669	722	foothold
描	670	723	sketch
操	671	724	maneuver
接	672	725	touch
掲	673	726	put up a notice
掛	674	727	hang
捗	674A	728	make headway
研	675	729	polish
戒	676	730	commandment
弄	676A	731	tinker with
械	677	732	contraption
鼻	678	733	nose
刑	679	734	punish
型	680	735	mould
才	681	736	genius
財	682	737	property
材	683	738	lumber
存	684	739	suppose
在	685	740	exist
乃	686	741	from
携	687	742	portable
及	688	743	reach out
吸	689	744	suck
扱	690	745	handle
丈	691	746	length
史	692	747	history
吏	693	748	officer
更	694	749	grow late
硬	695	750	stiff
梗	695A	751	spiny
又	696	752	or again
双	697	753	pair
桑	698	754	mulberry
隻	699	755	vessels
護	700	756	safeguard
獲	701	757	seize
奴	702	758	guy
怒	703	759	angry
友	704	760	friend
抜	705	761	slip out
投	706	762	throw
没	707	763	drown
股	707A	764	thigh
設	708	765	establishment
撃	709	766	beat
殻	710	767	husk
支	711	768	branch
技	712	769	skill
枝	713	770	bough
肢	714	771	limb
茎	715	772	stalk
怪	716	773	suspicious
軽	717	774	lightly
叔	718	775	uncle
督	719	776	coach
寂	720	777	loneliness
淑	721	778	graceful
反	722	779	anti-
坂	723	780	slope
板	724	781	plank
返	725	782	return
販	726	783	marketing
爪	727	784	claw
妥	728	785	gentle
乳	729	786	milk
浮	730	787	floating
淫	730A	788	lewd
将	731	789	leader
奨	732	790	exhort
采	732A	791	grab
採	733	792	pick
菜	734	793	vegetable
受	735	794	accept
授	736	795	impart
愛	737	796	love
曖	737A	797	unclear
払	738	798	pay
広	739	799	wide
勾	739A	800	hooked
拡	740	801	broaden
鉱	741	802	mineral
弁	742	803	valve
雄	743	804	masculine
台	744	805	pedestal
怠	745	806	neglect
治	746	807	reign
冶	746A	808	metallurgy
始	747	809	commence
胎	748	810	womb
窓	749	811	window
去	750	812	gone
法	751	813	method
会	752	814	meeting
至	753	815	climax
室	754	816	room
到	755	817	arrival
致	756	818	doth
互	757	819	mutually
棄	758	820	abandon
育	759	821	bring up
撤	760	822	remove
充	761	823	allot
銃	762	824	gun
硫	763	825	sulfur
流	764	826	current
允	765	827	license
唆	766	828	tempt
出	767	829	exit
山	768	830	mountain
拙	769	831	bungling
岩	770	832	boulder
炭	771	833	charcoal
岐	772	834	branch off
峠	773	835	mountain peak
崩	774	836	crumble
密	775	837	secrecy
蜜	776	838	honey
嵐	777	839	storm
崎	778	840	promontory
崖	778A	841	bluffs
入	779	842	enter
込	780	843	crowded
分	781	844	part
貧	782	845	poverty
頒	783	846	partition
公	784	847	public
松	785	848	pine tree
翁	786	849	venerable old man
訟	787	850	sue
谷	788	851	valley
浴	789	852	bathe
容	790	853	contain
溶	791	854	melt
欲	792	855	longing
裕	793	856	abundant
鉛	794	857	lead (metal)
沿	795	858	run alongside
賞	796	859	prize
党	797	860	party
堂	798	861	public chamber
常	799	862	usual
裳	800	863	skirt
掌	801	864	manipulate
皮	802	865	pelt
波	803	866	waves
婆	804	867	old woman
披	805	868	expose
破	806	869	rend
被	807	870	incur
残	808	871	remainder
殉	809	872	martyrdom
殊	810	873	particularly
殖	811	874	augment
列	812	875	file
裂	813	876	split
烈	814	877	ardent
死	815	878	death
葬	816	879	interment
瞬	817	880	wink
耳	818	881	ear
取	819	882	take
趣	820	883	gist
最	821	884	utmost
撮	822	885	snapshot
恥	823	886	shame
職	824	887	post
聖	825	888	holy
敢	826	889	daring
聴	827	890	listen
懐	828	891	pocket
慢	829	892	ridicule
漫	830	893	loose
買	831	894	buy
置	832	895	placement
罰	833	896	penalty
寧	834	897	rather
濁	835	898	voiced
環	836	899	ring
還	837	900	send back
夫	838	901	husband
扶	839	902	aid
渓	840	903	mountain stream
規	841	904	standard
替	842	905	exchange
賛	843	906	approve
潜	844	907	submerge
失	845	908	lose
鉄	846	909	iron
迭	847	910	alternate
臣	848	911	retainer
姫	849	912	princess
蔵	850	913	storehouse
臓	851	914	entrails
賢	852	915	intelligent
腎	852A	916	kidney
堅	853	917	strict
臨	854	918	look to
覧	855	919	perusal
巨	856	920	gigantic
拒	857	921	repel
力	858	922	power
男	859	923	male
労	860	924	labor
募	861	925	recruit
劣	862	926	inferiority
功	863	927	achievement
勧	864	928	persuade
努	865	929	toil
勃	865A	930	uprising
励	866	931	encourage
加	867	932	add
賀	868	933	congratulations
架	869	934	erect
脇	870	935	armpit
脅	871	936	threaten
協	872	937	co-
行	873	938	going
律	874	939	rhythm
復	875	940	restore
得	876	941	gain
従	877	942	accompany
徒	878	943	junior
待	879	944	wait
往	880	945	journey
征	881	946	subjugate
径	882	947	diameter
彼	883	948	he
役	884	949	duty
徳	885	950	benevolence
徹	886	951	penetrate
徴	887	952	indications
懲	888	953	penal
微	889	954	delicate
街	890	955	boulevard
桁	890A	956	girder
衡	891	957	equilibrium
稿	892	958	draft
稼	893	959	earnings
程	894	960	extent
税	895	961	tax
稚	896	962	immature
和	897	963	harmony
移	898	964	shift
秒	899	965	second
秋	900	966	autumn
愁	901	967	distress
私	902	968	private
秩	903	969	regularity
秘	904	970	secret
称	905	971	appellation
利	906	972	profit
梨	907	973	pear tree
穫	908	974	harvest
穂	909	975	ear of a plant
稲	910	976	rice plant
香	911	977	incense
季	912	978	seasons
委	913	979	committee
秀	914	980	excel
透	915	981	transparent
誘	916	982	entice
稽	916A	983	training
穀	917	984	cereals
菌	918	985	germ
萎	918A	986	numb
米	919	987	rice
粉	920	988	flour
粘	921	989	sticky
粒	922	990	grains
粧	923	991	cosmetics
迷	924	992	astray
粋	925	993	chic
謎	925A	994	riddle
糧	926	995	provisions
菊	927	996	chrysanthemum
奥	928	997	core
数	929	998	number
楼	930	999	watchtower
類	931	1000	sort
漆	932	1001	lacquer
膝	932A	1002	knee
様	933	1003	Esq.
求	934	1004	request
球	935	1005	ball
救	936	1006	salvation
竹	937	1007	bamboo
笑	938	1008	laugh
笠	939	1009	bamboo hat
笹	940	1010	bamboo grass
箋	940A	1011	stationery
筋	941	1012	muscle
箱	942	1013	box
筆	943	1014	writing brush
筒	944	1015	cylinder
等	945	1016	etc.
算	946	1017	calculate
答	947	1018	solution
策	948	1019	scheme
簿	949	1020	register
築	950	1021	fabricate
篭	950A	1022	basket
人	951	1023	person
佐	952	1024	assistant
侶	952A	1025	partner
但	953	1026	however
住	954	1027	dwell
位	955	1028	rank
仲	956	1029	go-between
体	957	1030	body
悠	958	1031	remote
件	959	1032	affair
仕	960	1033	attend
他	961	1034	other
伏	962	1035	prostrated
伝	963	1036	transmit
仏	964	1037	Buddha
休	965	1038	rest
仮	966	1039	provisional
伎	966A	1040	performing artist
伯	967	1041	chief
俗	968	1042	vulgar
信	969	1043	faith
佳	970	1044	excellent
依	971	1045	reliant
例	972	1046	example
個	973	1047	individual
健	974	1048	healthy
側	975	1049	side
侍	976	1050	waiter
停	977	1051	halt
値	978	1052	price
倣	979	1053	emulate
傲	979A	1054	arrogance
倒	980	1055	overthrow
偵	981	1056	spy
僧	982	1057	Buddhist priest
億	983	1058	hundred million
儀	984	1059	ceremony
償	985	1060	reparation
仙	986	1061	hermit
催	987	1062	sponsor
仁	988	1063	humanity
侮	989	1064	scorn
使	990	1065	use
便	991	1066	convenience
倍	992	1067	double
優	993	1068	tenderness
伐	994	1069	fell
宿	995	1070	inn
傷	996	1071	wound
保	997	1072	protect
褒	998	1073	praise
傑	999	1074	greatness
付	1000	1075	adhere
符	1001	1076	token
府	1002	1077	municipality
任	1003	1078	responsibility
賃	1004	1079	fare
代	1005	1080	substitute
袋	1006	1081	sack
貸	1007	1082	lend
化	1008	1083	change
花	1009	1084	flower
貨	1010	1085	freight
傾	1011	1086	lean
何	1012	1087	what
荷	1013	1088	baggage
俊	1014	1089	sagacious
傍	1015	1090	bystander
俺	1015A	1091	myself
久	1016	1092	long time
畝	1017	1093	furrow
囚	1018	1094	captured
内	1019	1095	inside
丙	1020	1096	third class
柄	1021	1097	design
肉	1022	1098	meat
腐	1023	1099	rot
座	1024	1100	sit
挫	1024A	1101	sprain
卒	1025	1102	graduate
傘	1026	1103	umbrella
匁	1027	1104	monme
以	1028	1105	by means of
似	1029	1106	similar
併	1030	1107	join
瓦	1031	1108	tile
瓶	1032	1109	flower pot
宮	1033	1110	Shinto shrine
営	1034	1111	occupation
善	1035	1112	virtuous
膳	1035A	1113	dining tray
年	1036	1114	year
夜	1037	1115	night
液	1038	1116	fluid
塚	1039	1117	hillock
幣	1040	1118	cash
蔽	1040A	1119	cover over
弊	1041	1120	abuse
喚	1042	1121	yell
換	1043	1122	interchange
融	1044	1123	dissolve
施	1045	1124	alms
旋	1046	1125	rotation
遊	1047	1126	play
旅	1048	1127	trip
勿	1049	1128	not
物	1050	1129	thing
易	1051	1130	easy
賜	1052	1131	grant
尿	1053	1132	urine
尼	1054	1133	nun
尻	1054A	1134	buttocks
泥	1055	1135	mud
塀	1056	1136	fence
履	1057	1137	footgear
屋	1058	1138	roof
握	1059	1139	grip
屈	1060	1140	yield
掘	1061	1141	dig
堀	1062	1142	ditch
居	1063	1143	reside
据	1064	1144	set
裾	1064A	1145	hem
層	1065	1146	stratum
局	1066	1147	bureau
遅	1067	1148	slow
漏	1068	1149	leak
刷	1069	1150	printing
尺	1070	1151	shaku
尽	1071	1152	exhaust
沢	1072	1153	swamp
訳	1073	1154	translate
択	1074	1155	choose
昼	1075	1156	daytime
戸	1076	1157	door
肩	1077	1158	shoulder
房	1078	1159	tassel
扇	1079	1160	fan
炉	1080	1161	hearth
戻	1081	1162	re-
涙	1082	1163	tears
雇	1083	1164	employ
顧	1084	1165	look back
啓	1085	1166	disclose
示	1086	1167	show
礼	1087	1168	salutation
祥	1088	1169	auspicious
祝	1089	1170	celebrate
福	1090	1171	blessing
祉	1091	1172	welfare
社	1092	1173	company
視	1093	1174	inspection
奈	1094	1175	Nara
尉	1095	1176	military officer
慰	1096	1177	consolation
款	1097	1178	goodwill
禁	1098	1179	prohibition
襟	1099	1180	collar
宗	1100	1181	religion
崇	1101	1182	adore
祭	1102	1183	ritual
察	1103	1184	guess
擦	1104	1185	grate
由	1105	1186	wherefore
抽	1106	1187	pluck
油	1107	1188	oil
袖	1108	1189	sleeve
宙	1109	1190	mid-air
届	1110	1191	deliver
笛	1111	1192	flute
軸	1112	1193	axis
甲	1113	1194	armor
押	1114	1195	push
岬	1115	1196	headland
挿	1116	1197	insert
申	1117	1198	speaketh
伸	1118	1199	expand
神	1119	1200	gods
捜	1120	1201	search
果	1121	1202	fruit
菓	1122	1203	candy
課	1123	1204	chapter
裸	1124	1205	naked
斤	1125	1206	ax
析	1126	1207	chop
所	1127	1208	place
祈	1128	1209	pray
近	1129	1210	near
折	1130	1211	fold
哲	1131	1212	philosophy
逝	1132	1213	departed
誓	1133	1214	vow
斬	1133A	1215	chop off
暫	1134	1216	temporarily
漸	1135	1217	steadily
断	1136	1218	severance
質	1137	1219	substance
斥	1138	1220	reject
訴	1139	1221	accusation
昨	1140	1222	yesterday
詐	1141	1223	lie
作	1142	1224	make
臼	1142A	1531	mortar
毀	1142B	1532	break
雪	1143	1225	snow
録	1144	1226	record
剥	1144A	1227	peel off
尋	1145	1228	inquire
急	1146	1229	hurry
穏	1147	1230	calm
侵	1148	1231	encroach
浸	1149	1232	immersed
寝	1150	1233	lie down
婦	1151	1234	lady
掃	1152	1235	sweep
当	1153	1236	hit
彙	1153A	1237	glossary
争	1154	1238	contend
浄	1155	1239	clean
事	1156	1240	matter
唐	1157	1241	T'ang
糖	1158	1242	sugar
康	1159	1243	sane
逮	1160	1244	apprehend
伊	1161	1245	Italy
君	1162	1246	old boy
群	1163	1247	flock
耐	1164	1248	-proof
需	1165	1249	demand
儒	1166	1250	Confucian
端	1167	1251	edge
両	1168	1252	both
満	1169	1253	full
画	1170	1254	brush stroke
歯	1171	1255	tooth
曲	1172	1256	bend
曹	1173	1257	cadet
遭	1174	1258	encounter
漕	1175	1259	rowing
槽	1176	1260	vat
斗	1177	1261	Big Dipper
料	1178	1262	fee
科	1179	1263	department
図	1180	1264	map
用	1181	1265	utilize
庸	1182	1266	comfortable
備	1183	1267	equip
昔	1184	1268	once upon a time
錯	1185	1269	confused
借	1186	1270	borrow
惜	1187	1271	pity
措	1188	1272	set aside
散	1189	1273	scatter
廿	1190	1274	twenty
庶	1191	1275	commoner
遮	1192	1276	intercept
席	1193	1277	seat
度	1194	1278	degrees
渡	1195	1279	transit
奔	1196	1280	bustle
噴	1197	1281	erupt
墳	1198	1282	tomb
憤	1199	1283	aroused
焼	1200	1284	bake
暁	1201	1285	daybreak
半	1202	1286	half
伴	1203	1287	consort
畔	1204	1288	paddy ridge
判	1205	1289	judgment
拳	1205A	1290	fist
券	1206	1291	ticket
巻	1207	1292	scroll
圏	1208	1293	sphere
勝	1209	1294	victory
藤	1210	1295	wisteria
謄	1211	1296	facsimilie
片	1212	1297	one-sided
版	1213	1298	printing block
之	1214	1299	of
乏	1215	1300	destitution
芝	1216	1301	turf
不	1217	1302	negative
否	1218	1303	negate
杯	1219	1304	cupfuls
矢	1220	1305	dart
矯	1221	1306	rectify
族	1222	1307	tribe
知	1223	1308	know
智	1224	1309	wisdom
挨	1224A	1310	shove
矛	1225	1311	halberd
柔	1226	1312	tender
務	1227	1313	task
霧	1228	1314	fog
班	1229	1315	squad
帰	1230	1316	homecoming
弓	1231	1317	bow
引	1232	1318	pull
弔	1233	1319	condolences
弘	1234	1320	vast
弥	1234A	1322	more and more
強	1235	1321	strong
弱	1236	1323	weak
溺	1236A	1324	drowning
沸	1237	1325	seethe
費	1238	1326	expense
第	1239	1327	No.
弟	1240	1328	younger brother
巧	1241	1329	adroit
号	1242	1330	nickname
朽	1243	1331	decay
誇	1244	1332	boast
顎	1244A	1333	chin
汚	1245	1334	dirty
与	1246	1335	bestow
写	1247	1336	copy
身	1248	1337	somebody
射	1249	1338	shoot
謝	1250	1339	apologize
老	1251	1340	old man
考	1252	1341	consider
孝	1253	1342	filial piety
教	1254	1343	teach
拷	1255	1344	torture
者	1256	1345	someone
煮	1257	1346	boil
著	1258	1347	renowned
署	1259	1349	signature
暑	1260	1350	sultry
諸	1261	1351	various
猪	1262	1352	boar
渚	1263	1353	strand
賭	1264	1354	gamble
峡	1265	1355	gorge
狭	1266	1356	cramped
挟	1267	1357	sandwiched
頬	1267A	1358	cheek
追	1268	1359	chase
阜	1268A	1360	large hill
師	1269	1361	expert
帥	1270	1362	commander
官	1271	1363	bureaucrat
棺	1272	1364	coffin
管	1273	1365	pipe
父	1274	1366	father
交	1275	1368	mingle
釜	1275A	1367	cauldron
効	1276	1369	merit
較	1277	1370	contrast
校	1278	1371	exam
足	1279	1372	leg
促	1280	1373	stimulate
捉	1280A	1374	nab
距	1281	1375	long-distance
路	1282	1376	path
露	1283	1377	dew
跳	1284	1378	hop
躍	1285	1379	leap
践	1286	1380	tread
踏	1287	1381	step
踪	1287A	1382	trail
骨	1288	1383	skeleton
滑	1289	1384	slippery
髄	1290	1385	marrow
禍	1291	1386	calamity
渦	1292	1387	whirlpool
鍋	1292A	1388	pot
過	1293	1389	overdo
阪	1294	1390	Heights
阿	1295	1391	Africa
際	1296	1392	occasion
障	1297	1393	hinder
隙	1297A	1394	chink
随	1298	1395	follow
陪	1299	1396	auxiliary
陽	1300	1397	sunshine
陳	1301	1398	line up
防	1302	1399	ward off
附	1303	1400	affixed
院	1304	1401	Inst.
陣	1305	1402	camp
隊	1306	1403	regiment
墜	1307	1404	crash
降	1308	1405	descend
階	1309	1406	story
陛	1310	1407	highness
隣	1311	1408	neighboring
隔	1312	1409	isolate
隠	1313	1410	conceal
堕	1314	1411	degenerate
陥	1315	1412	collapse
穴	1316	1413	hole
空	1317	1414	empty
控	1318	1415	withdraw
突	1319	1416	stab
究	1320	1417	research
窒	1321	1418	plug up
窃	1322	1419	stealth
窟	1322A	1420	cavern
窪	1323	1421	depression
搾	1324	1422	squeeze
窯	1325	1423	kiln
窮	1326	1424	hard up
探	1327	1425	grope
深	1328	1426	deep
丘	1329	1427	hill
岳	1330	1428	Point
兵	1331	1429	soldier
浜	1332	1430	seacoast
糸	1333	1431	thread
織	1334	1432	weave
繕	1335	1433	darning
縮	1336	1434	shrink
繁	1337	1435	luxuriant
縦	1338	1436	vertical
緻	1338A	1437	fine
線	1339	1438	line
綻	1339A	1439	come apart at the seams
締	1340	1440	tighten
維	1341	1441	fiber
羅	1342	1442	gauze
練	1343	1443	practice
緒	1344	1444	thong
続	1345	1445	continue
絵	1346	1446	picture
統	1347	1447	overall
絞	1348	1448	strangle
給	1349	1449	salary
絡	1350	1450	entwine
結	1351	1451	tie
終	1352	1452	end
級	1353	1453	class
紀	1354	1454	chronicle
紅	1355	1455	crimson
納	1356	1456	settlement
紡	1357	1457	spinning
紛	1358	1458	distract
紹	1359	1459	introduce
経	1360	1460	sutra
紳	1361	1461	sire
約	1362	1462	promise
細	1363	1463	dainty
累	1364	1464	accumulate
索	1365	1465	cord
総	1366	1466	general
綿	1367	1467	cotton
絹	1368	1468	silk
繰	1369	1469	winding
継	1370	1470	inherit
緑	1371	1471	green
縁	1372	1472	affinity
網	1373	1473	netting
緊	1374	1474	tense
紫	1375	1475	purple
縛	1376	1476	truss
縄	1377	1477	straw rope
幼	1378	1478	infancy
後	1379	1479	behind
幽	1380	1480	faint
幾	1381	1481	how many
機	1382	1482	mechanism
畿	1382A	1483	capital suburbs
玄	1383	1484	mysterious
畜	1384	1485	livestock
蓄	1385	1486	amass
弦	1386	1487	bowstring
擁	1387	1488	hug
滋	1388	1489	nourishing
慈	1389	1490	mercy
磁	1390	1491	magnet
系	1391	1492	lineage
係	1392	1493	person in charge
孫	1393	1494	grandchild
遜	1393A	1496	modest
懸	1394	1495	suspend
却	1395	1497	instead
脚	1396	1498	shins
卸	1397	1499	wholesale
御	1398	1500	honorable
服	1399	1501	clothing
命	1400	1502	fate
令	1401	1503	orders
零	1402	1504	zero
齢	1403	1505	age
冷	1404	1506	cool
領	1405	1507	jurisdiction
鈴	1406	1508	small bell
勇	1407	1509	courage
湧	1407A	1510	bubble up
通	1408	1511	traffic
踊	1409	1512	jump
疑	1410	1513	doubt
擬	1411	1514	mimic
凝	1412	1515	congeal
範	1413	1516	pattern
犯	1414	1517	crime
氾	1414A	1518	widespread
厄	1415	1519	unlucky
危	1416	1520	dangerous
宛	1417	1521	address
腕	1418	1522	arm
苑	1419	1523	garden
怨	1420	1524	grudge
柳	1421	1525	willow
卵	1422	1526	egg
留	1423	1527	detain
瑠	1423A	1528	marine blue
貿	1424	1529	trade
印	1425	1530	stamp
興	1426	1533	entertain
酉	1427	1534	sign of the bird
酒	1428	1535	sake
酌	1429	1536	bartending
酎	1429A	1537	hooch
酵	1430	1538	fermentation
酷	1431	1539	cruel
酬	1432	1540	repay
酪	1433	1541	dairy products
酢	1434	1542	vinegar
酔	1435	1543	drunk
配	1436	1544	distribute
酸	1437	1545	acid
猶	1438	1546	waver
尊	1439	1547	revered
豆	1440	1548	beans
頭	1441	1549	head
短	1442	1550	short
豊	1443	1551	bountiful
鼓	1444	1552	drum
喜	1445	1553	rejoice
樹	1446	1554	timber-trees
皿	1447	1555	dish
血	1448	1556	blood
盆	1449	1557	basin
盟	1450	1558	alliance
盗	1451	1559	steal
温	1452	1560	warm
蓋	1452A	1561	lid
監	1453	1562	oversee
濫	1454	1563	overflow
鑑	1455	1564	specimen
藍	1455A	1565	indigo
猛	1456	1566	fierce
盛	1457	1567	boom
塩	1458	1568	salt
銀	1459	1569	silver
恨	1460	1570	resentment
根	1461	1571	root
即	1462	1572	instant
爵	1463	1573	baron
節	1464	1574	node
退	1465	1575	retreat
限	1466	1576	limit
眼	1467	1577	eyeball
良	1468	1578	good
朗	1469	1579	melodious
浪	1470	1580	wandering
娘	1471	1581	daughter
食	1472	1582	eat
飯	1473	1583	meal
飲	1474	1584	drink
飢	1475	1585	hungry
餓	1476	1586	starve
飾	1477	1587	decorate
餌	1477A	1588	feed
館	1478	1589	Bldg.
餅	1478A	1590	mochi
養	1479	1591	foster
飽	1480	1592	sated
既	1481	1593	previously
概	1482	1594	outline
慨	1483	1595	rue
平	1484	1596	even
呼	1485	1597	call
坪	1486	1598	two-mat area
評	1487	1599	evaluate
刈	1488	1600	reap
刹	1488A	1601	moment
希	1489	1602	hope
凶	1490	1603	villain
胸	1491	1604	bosom
離	1492	1605	detach
璃	1492A	1606	crystal
殺	1493	1607	kill
爽	1493A	1608	bracing
純	1494	1609	genuine
頓	1494A	1610	immediate
鈍	1495	1611	dull
辛	1496	1612	spicy
辞	1497	1613	resign
梓	1498	1614	catalpa
宰	1499	1615	superintend
壁	1500	1616	wall
璧	1500A	1617	holed gem
避	1501	1618	evade
新	1502	1619	new
薪	1503	1620	firewood
親	1504	1621	parent
幸	1505	1622	happiness
執	1506	1623	tenacious
摯	1506A	1624	clasp
報	1507	1625	report
叫	1508	1626	shout
糾	1509	1627	twist
収	1510	1628	income
卑	1511	1629	lowly
碑	1512	1630	tombstone
陸	1513	1631	land
睦	1514	1632	intimate
勢	1515	1633	forces
熱	1516	1634	heat
菱	1517	1635	diamond
陵	1518	1636	mausoleum
亥	1519	1637	sign of the hog
核	1520	1638	nucleus
刻	1521	1639	engrave
該	1522	1640	above-stated
骸	1522A	1641	remains
劾	1523	1642	censure
述	1524	1643	mention
術	1525	1644	art
寒	1526	1645	cold
塞	1526A	1646	block up
醸	1527	1647	brew
譲	1528	1648	defer
壌	1529	1649	lot
嬢	1530	1650	lass
毒	1531	1651	poison
素	1532	1652	elementary
麦	1533	1653	barley
青	1534	1654	blue
精	1535	1655	refined
請	1536	1656	solicit
情	1537	1657	feelings
晴	1538	1658	clear up
清	1539	1659	pure
静	1540	1660	quiet
責	1541	1661	blame
績	1542	1662	exploits
積	1543	1663	volume
債	1544	1664	bond
漬	1545	1665	pickling
表	1546	1666	surface
俵	1547	1667	bag
潔	1548	1668	undefiled
契	1549	1669	pledge
喫	1550	1670	consume
害	1551	1671	harm
轄	1552	1672	control
割	1553	1673	proportion
憲	1554	1674	constitution
生	1555	1675	life
星	1556	1676	star
醒	1556A	1677	awakening
姓	1557	1678	surname
性	1558	1679	sex
牲	1559	1680	animal sacrifice
産	1560	1681	products
隆	1561	1682	hump
峰	1562	1683	summit
蜂	1562A	1684	bee
縫	1563	1685	sew
拝	1564	1686	worship
寿	1565	1687	longevity
鋳	1566	1688	casting
籍	1567	1689	enroll
春	1568	1690	springtime
椿	1569	1691	camellia
泰	1570	1692	peaceful
奏	1571	1693	play music
実	1572	1694	reality
奉	1573	1695	dedicate
俸	1574	1696	stipend
棒	1575	1697	rod
謹	1576	1698	discreet
僅	1576A	1699	trifle
勤	1577	1700	diligence
漢	1578	1701	Sino-
嘆	1579	1702	sigh
難	1580	1703	difficult
華	1581	1704	splendor
垂	1582	1705	droop
唾	1582A	1706	saliva
睡	1583	1707	drowsy
錘	1584	1708	spindle
乗	1585	1709	ride
剰	1586	1710	surplus
今	1587	1711	now
含	1588	1712	include
貪	1588A	1713	covet
吟	1589	1714	versify
念	1590	1715	wish
捻	1590A	1716	wrench
琴	1591	1717	harp
陰	1592	1718	shade
予	1593	1719	beforehand
序	1594	1720	preface
預	1595	1721	deposit
野	1596	1722	plains
兼	1597	1723	concurrently
嫌	1598	1724	dislike
鎌	1599	1725	sickle
謙	1600	1726	self-effacing
廉	1601	1727	bargain
西	1602	1728	west
価	1603	1729	value
要	1604	1730	need
腰	1605	1731	loins
票	1606	1732	ballot
漂	1607	1733	drift
標	1608	1734	signpost
栗	1609	1735	chestnut
慄	1609A	1736	shudder
遷	1610	1737	transition
覆	1611	1738	capsize
煙	1612	1739	smoke
南	1613	1740	south
楠	1614	1741	camphor tree
献	1615	1742	offering
門	1616	1743	gates
問	1617	1744	question
閲	1618	1745	review
閥	1619	1746	clique
間	1620	1747	interval
闇	1620A	1748	pitch dark
簡	1621	1749	simplicity
開	1622	1750	open
閉	1623	1751	closed
閣	1624	1752	tower
閑	1625	1753	leisure
聞	1626	1754	hear
潤	1627	1755	wet
欄	1628	1756	column
闘	1629	1757	fight
倉	1630	1758	godown
創	1631	1759	genesis
非	1632	1760	un-
俳	1633	1761	haiku
排	1634	1762	repudiate
悲	1635	1763	sad
罪	1636	1764	guilt
輩	1637	1765	comrade
扉	1638	1766	front door
侯	1639	1767	marquis
喉	1639A	1768	throat
候	1640	1769	climate
決	1641	1770	decide
快	1642	1771	cheerful
偉	1643	1772	admirable
違	1644	1773	difference
緯	1645	1774	horizontal
衛	1646	1775	defense
韓	1647	1776	Korea
干	1648	1777	dry
肝	1649	1778	liver
刊	1650	1779	publish
汗	1651	1780	sweat
軒	1652	1781	flats
岸	1653	1782	beach
幹	1654	1783	tree trunk
芋	1655	1784	potato
宇	1656	1785	eaves
余	1657	1786	too much
除	1658	1787	exclude
徐	1659	1788	gradually
叙	1660	1789	confer
途	1661	1790	route
斜	1662	1791	diagonal
塗	1663	1792	paint
束	1664	1793	bundle
頼	1665	1794	trust
瀬	1666	1795	rapids
勅	1667	1796	imperial order
疎	1668	1797	alienate
辣	1668A	1798	bitter
速	1669	1799	quick
整	1670	1800	organize
剣	1671	1801	saber
険	1672	1802	precipitous
検	1673	1803	examination
倹	1674	1804	frugal
重	1675	1805	heavy
動	1676	1806	move
腫	1676A	1807	tumor
勲	1677	1808	meritorious deed
働	1678	1809	work
種	1679	1810	species
衝	1680	1811	collide
薫	1681	1812	fragrant
病	1682	1813	ill
痴	1683	1814	stupid
痘	1684	1815	pox
症	1685	1816	symptoms
瘍	1685A	1817	carbuncle
痩	1685B	1818	lose weight
疾	1686	1819	rapidly
嫉	1686A	1820	envy
痢	1687	1821	diarrhea
痕	1687A	1822	scar
疲	1688	1823	tired
疫	1689	1824	epidemic
痛	1690	1825	pain
癖	1691	1826	mannerism
匿	1692	1827	hide
匠	1693	1828	artisan
医	1694	1829	doctor
匹	1695	1830	equal
区	1696	1831	ward
枢	1697	1832	hinge
殴	1698	1833	assault
欧	1699	1834	Europe
抑	1700	1835	repress
仰	1701	1836	faceup
迎	1702	1837	welcome
登	1703	1838	ascend
澄	1704	1839	lucidity
発	1705	1840	discharge
廃	1706	1841	abolish
僚	1707	1842	colleague
瞭	1707A	1843	obvious
寮	1708	1844	dormitory
療	1709	1845	heal
彫	1710	1846	carve
形	1711	1847	shape
影	1712	1848	shadow
杉	1713	1849	cedar
彩	1714	1850	coloring
彰	1715	1851	patent
彦	1716	1852	lad
顔	1717	1853	face
須	1718	1854	ought
膨	1719	1855	swell
参	1720	1856	visit
惨	1721	1857	wretched
修	1722	1858	discipline
珍	1723	1859	rare
診	1724	1860	checkup
文	1725	1861	sentence
対	1726	1862	vis-a-vis
紋	1727	1863	family crest
蚊	1728	1864	mosquito
斑	1728A	1865	speckled
斉	1729	1866	adjusted
剤	1730	1867	dose
済	1731	1868	finish
斎	1732	1869	purification
粛	1733	1870	solemn
塁	1734	1871	bases
楽	1735	1872	music
薬	1736	1873	medicine
率	1737	1874	ratio
渋	1738	1875	astringent
摂	1739	1876	vicarious
央	1740	1877	center
英	1741	1878	England
映	1742	1879	reflect
赤	1743	1880	red
赦	1744	1881	pardon
変	1745	1882	unusual
跡	1746	1883	tracks
蛮	1747	1884	barbarian
恋	1748	1885	romance
湾	1749	1886	gulf
黄	1750	1887	yellow
横	1751	1888	sideways
把	1752	1889	grasp
色	1753	1890	color
絶	1754	1891	discontinue
艶	1755	1892	glossy
肥	1756	1893	fertilizer
甘	1757	1894	sweet
紺	1758	1895	navy blue
某	1759	1896	so-and-so
謀	1760	1897	conspire
媒	1761	1898	mediator
欺	1762	1899	deceit
棋	1763	1900	chess piece
旗	1764	1901	national flag
期	1765	1902	period
碁	1766	1903	Go
基	1767	1904	fundamentals
甚	1768	1905	tremendously
勘	1769	1906	intuition
堪	1770	1907	withstand
貴	1771	1908	precious
遺	1772	1909	bequeath
遣	1773	1910	dispatch
潰	1773A	1911	defile
舞	1774	1912	dance
無	1775	1913	nothingness
組	1776	1914	association
粗	1777	1915	coarse
租	1778	1916	tariff
狙	1778A	1917	aim at
祖	1779	1918	ancestor
阻	1780	1919	thwart
査	1781	1920	investigate
助	1782	1921	help
宜	1783	1922	best regards
畳	1784	1923	tatami mat
並	1785	1924	row
普	1786	1925	universal
譜	1787	1926	musical score
湿	1788	1927	damp
顕	1789	1928	appear
繊	1790	1929	slender
霊	1791	1930	spirits
業	1792	1931	profession
撲	1793	1932	slap
僕	1794	1933	me
共	1795	1934	together
供	1796	1935	submit
異	1797	1936	uncommon
翼	1798	1937	wing
戴	1798A	1938	accept humbly
洪	1799	1939	deluge
港	1800	1940	harbor
暴	1801	1941	outburst
爆	1802	1942	bomb
恭	1803	1943	respect
選	1804	1944	elect
殿	1805	1945	Mr.
井	1806	1946	well
丼	1806A	1947	donburi
囲	1807	1948	surround
耕	1808	1949	till
亜	1809	1950	Asia
悪	1810	1951	bad
円	1811	1952	circle
角	1812	1953	angle
触	1813	1954	contact
解	1814	1955	unravel
再	1815	1956	again
講	1816	1957	lecture
購	1817	1958	subscription
構	1818	1959	posture
溝	1819	1960	gutter
論	1820	1961	argument
倫	1821	1962	ethics
輪	1822	1963	wheel
偏	1823	1964	partial
遍	1824	1965	everywhere
編	1825	1966	compilation
冊	1826	1967	tome
柵	1826A	1968	palisade
典	1827	1969	code
氏	1828	1970	family name
紙	1829	1971	paper
婚	1830	1972	marriage
低	1831	1973	lower
抵	1832	1974	resist
底	1833	1975	bottom
民	1834	1976	people
眠	1835	1977	sleep
捕	1836	1978	catch
哺	1836A	1979	suckle
浦	1837	1980	bay
蒲	1838	1981	bullrush
舗	1839	1982	shop
補	1840	1983	supplement
邸	1841	1984	residence
郭	1842	1985	enclosure
郡	1843	1986	county
郊	1844	1987	outskirts
部	1845	1988	section
都	1846	1989	metropolis
郵	1847	1990	mail
邦	1848	1991	home country
那	1848A	1992	interrogative
郷	1849	1993	hometown
響	1850	1994	echo
郎	1851	1995	son
廊	1852	1996	corridor
盾	1853	1997	shield
循	1854	1998	sequential
派	1855	1999	faction
脈	1856	2000	vein
衆	1857	2001	masses
逓	1858	2002	parcel post
段	1859	2003	grade
鍛	1860	2004	forge
后	1861	2005	empress
幻	1862	2006	phantasm
司	1863	2007	director
伺	1864	2008	pay respects
詞	1865	2009	parts of speech
飼	1866	2010	domesticate
嗣	1867	2011	heir
舟	1868	2012	boat
舶	1869	2013	liner
航	1870	2014	navigate
般	1871	2016	carrier
舷	1871A	2015	gunwale
盤	1872	2017	tray
搬	1873	2018	conveyor
船	1874	2019	ship
艦	1875	2020	warship
艇	1876	2021	rowboat
瓜	1877	2022	melon
弧	1878	2023	arc
孤	1879	2024	orphan
繭	1880	2025	cocoon
益	1881	2026	benefit
暇	1882	2027	spare time
敷	1883	2028	spread
来	1884	2029	come
気	1885	2030	spirit
汽	1886	2031	vapor
飛	1887	2032	fly
沈	1888	2033	sink
枕	1888A	2034	pillow
妻	1889	2035	wife
凄	1889A	2036	nifty
衰	1890	2037	decline
衷	1891	2038	inmost
面	1892	2039	mask
麺	1892A	2040	noodles
革	1893	2041	leather
靴	1894	2042	shoes
覇	1895	2043	hegemony
声	1896	2044	voice
眉	1896A	2045	eyebrow
呉	1897	2046	give
娯	1898	2047	recreation
誤	1899	2048	mistake
蒸	1900	2049	steam
承	1901	2050	acquiesce
函	1902	2051	bin
極	1903	2052	poles
牙	1904	2053	tusk
芽	1905	2054	bud
邪	1906	2055	wicked
雅	1907	2056	gracious
釈	1908	2057	explanation
番	1909	2058	turn
審	1910	2059	hearing
翻	1911	2060	flip
藩	1912	2061	clan
毛	1913	2062	fur
耗	1914	2063	decrease
尾	1915	2064	tail
宅	1916	2065	home
託	1917	2066	consign
為	1918	2067	do
偽	1919	2068	falsehood
畏	1919A	2069	apprehensive
長	1920	2070	long
張	1921	2071	lengthen
帳	1922	2072	notebook
脹	1923	2073	dilate
髪	1924	2074	hair of the head
展	1925	2075	unfold
喪	1926	2076	miss
巣	1927	2077	nest
単	1928	2078	simple
戦	1929	2079	war
禅	1930	2080	Zen
弾	1931	2081	bullet
桜	1932	2082	cherry tree
獣	1933	2083	animal
脳	1934	2084	brain
悩	1935	2085	trouble
厳	1936	2086	stern
鎖	1937	2087	chain
挙	1938	2088	raise
誉	1939	2089	reputation
猟	1940	2090	game hunting
鳥	1941	2091	bird
鳴	1942	2092	chirp
鶴	1943	2093	crane
烏	1944	2094	crow
蔦	1945	2095	vine
鳩	1946	2096	pigeon
鶏	1947	2097	chicken
島	1948	2098	island
暖	1949	2099	warmth
媛	1950	2100	beautiful woman
援	1951	2101	abet
緩	1952	2102	slacken
属	1953	2103	belong
嘱	1954	2104	entrust
偶	1955	2105	accidentally
遇	1956	2106	interview
愚	1957	2107	foolish
隅	1958	2108	corner
逆	1959	2109	inverted
塑	1960	2110	model
遡	1960A	2111	go upstream
岡	1961	2112	Mount
鋼	1962	2113	steel
綱	1963	2114	hawser
剛	1964	2115	sturdy
缶	1965	2116	tin can
陶	1966	2117	pottery
揺	1967	2118	swing
謡	1968	2119	Noh chanting
鬱	1968A	2120	gloom
就	1969	2121	concerning
蹴	1969A	2122	kick
懇	1970	2123	sociable
墾	1971	2124	groundbreaking
貌	1971A	2125	countenance
免	1972	2126	excuse
逸	1973	2127	elude
晩	1974	2128	nightfall
勉	1975	2129	exertion
象	1976	2130	elephant
像	1977	2131	statue
馬	1978	2132	horse
駒	1979	2133	pony
験	1980	2134	verification
騎	1981	2135	equestrian
駐	1982	2136	parking
駆	1983	2137	drive
駅	1984	2138	station
騒	1985	2139	boisterous
駄	1986	2140	burdensome
驚	1987	2141	wonder
篤	1988	2142	fervent
罵	1988A	2143	insult
騰	1989	2144	inflation
虎	1990	2145	tiger
虜	1991	2146	captive
膚	1992	2147	skin
虚	1993	2148	void
戯	1994	2149	frolic
虞	1995	2150	uneasiness
慮	1996	2151	prudence
劇	1997	2152	drama
虐	1998	2153	tyrannize
鹿	1999	2154	deer
麓	1999A	2155	foot of a mountain
薦	2000	2156	recommend
慶	2001	2157	jubilation
麗	2002	2158	lovely
熊	2003	2159	bear
能	2004	2160	ability
態	2005	2161	attitude
寅	2006	2162	sign of the tiger
演	2007	2163	performance
辰	2008	2164	sign of the dragon
辱	2009	2165	embarrass
震	2010	2166	quake
振	2011	2167	shake
娠	2012	2168	with child
唇	2013	2169	lips
農	2014	2170	agriculture
濃	2015	2171	concentrated
送	2016	2172	send off
関	2017	2173	connection
咲	2018	2174	blossom
鬼	2019	2175	ghost
醜	2020	2176	ugly
魂	2021	2177	soul
魔	2022	2178	witch
魅	2023	2179	fascination
塊	2024	2180	clod
襲	2025	2181	attack
嚇	2026	2182	upbraid
朕	2027	2183	majestic plural
雰	2028	2184	atmosphere
箇	2029	2185	item
錬	2030	2186	tempering
遵	2031	2187	abide by
罷	2032	2188	quit
屯	2033	2189	barracks
且	2034	2190	moreover
藻	2035	2191	seaweed
隷	2036	2192	slave
癒	2037	2193	healing
丹	2038	2196	cinnabar
潟	2039	2195	lagoon
丑	2040	2197	sign of the cow
羞	2040A	2198	humiliate
卯	2041	2199	sign of the hare
巳	2042	2200	sign of the snake
此	2043	2043	this here
柴	2044	2044	brushwood
砦	2045	2045	fort
些	2046	2046	whit
髭	2047	2047	beard
禽	2049	2049	fowl
檎	2050	2050	apple
憐	2051	2051	sympathize with
燐	2052	2052	phosphorus
麟	2053	2053	camelopard
鱗	2054	2054	scaled
奄	2055	2055	encompassing
庵	2056	2056	hermitage
掩	2057	2057	shrouded
悛	2059	2059	make amends
駿	2060	2060	steed
峻	2061	2061	steep
竣	2062	2062	complete a job
舅	2064	2064	father-in-law
鼠	2065	2065	mouse
鑿	2066	2066	bore
艘	2068	2068	small craft
犀	2069	2069	rhinoceros
皐	2070	2070	lunar month
畷	2072	2072	rice-field footpath
綴	2073	2073	mend
爾	2074	2074	let it be
璽	2075	2194	imperial seal
鎧	2076	2076	suit of armor
凱	2077	2077	triumph
呑	2080	2080	quaff
韮	2081	2081	leek
籤	2082	2082	lottery
懺	2083	2083	penitential
芻	2084	2084	hay
雛	2085	2085	chick
趨	2086	2086	scurry
尤	2087	2087	understandably
厖	2089	2089	immense
或	2091	2091	a
兎	2093	2093	rabbit
也	2094	2094	est
尭	2095	2095	lofty
巴	2096	2096	comma-design
甫	2097	2097	offspring
疋	2098	2098	critters
菫	2099	2099	violet
曼	2100	2100	mandala
云	2102	2102	quote
卜	2103	2103	augury
喬	2104	2104	heaven-high
莫	2105	2105	shalt
倭	2106	2106	Yamato
侠	2107	2107	chivalry
倦	2108	2108	fed up
佼	2109	2109	comely
俄	2110	2110	abrupt
佃	2111	2111	work a field
伶	2112	2112	minstrel
仔	2113	2113	animal offspring
仇	2114	2114	foe
伽	2115	2115	look after
僻	2117	2117	biased
儲	2118	2118	make a profit
倖	2119	2119	bliss
僑	2120	2120	emigrant
侃	2123	2123	integrity
倶	2124	2124	mate
侭	2125	2125	as is
佑	2126	2126	adjutant
俣	2127	2127	fork in a road
傭	2128	2128	hire
偲	2129	2129	memorial
脩	2130	2130	dried meat
倅	2131	2131	my son
做	2132	2132	make do
冴	2134	2134	sharp
凋	2135	2135	wilt
凌	2136	2136	pull through
凛	2138	2138	stately
凧	2139	2139	kite
凪	2140	2140	lull
夙	2141	2141	earlybird
鳳	2142	2142	phoenix
劉	2143	2143	slaughter
剃	2146	2146	shave
厭	2149	2149	despondent
雁	2150	2150	wild goose
贋	2151	2151	counterfeit
厨	2152	2152	kitchen
仄	2153	2153	insinuate
哨	2154	2154	scout
咎	2156	2156	reprehend
囁	2157	2157	whisper
喋	2158	2158	chatter
嘩	2160	2160	quarrel
噂	2161	2161	gossip
咳	2162	2162	cough
喧	2163	2163	clamor
叩	2166	2166	bash
嘘	2167	2167	fib
啄	2168	2168	peck at
吠	2170	2170	barking
吊	2171	2171	dangle
噛	2172	2172	chew
叶	2173	2173	within my ability
吻	2174	2174	sides of the mouth
吃	2175	2175	stammer
噺	2176	2176	spin a tale
噌	2177	2177	miso
邑	2180	2180	city walls
呆	2181	2181	dumbfounded
喰	2182	2182	ingest
埴	2183	2183	clay
坤	2184	2184	authochthonous
壕	2186	2186	dugout
垢	2187	2187	blemish
坦	2188	2188	flat
埠	2189	2189	wharf
堰	2191	2191	dam
堵	2192	2192	railing
嬰	2193	2193	suckling infant
姦	2194	2194	violate
婢	2196	2196	handmaiden
婉	2197	2197	well finished
娼	2198	2198	harlot
妓	2199	2199	courtesan
娃	2200	2200	fair
姪	2201	2201	niece
嬬	2203	2203	mistress
姥	2204	2204	aged woman
姑	2205	2205	mother-in-law
姐	2206	2206	young miss
嬉	2207	2207	overjoyed
孕	2208	2208	expecting
孜	2209	2209	assiduous
宥	2210	2210	soothe
寓	2211	2211	imply
宏	2212	2212	extensive
牢	2213	2213	jail
宋	2215	2215	Sung dynasty
宍	2216	2216	venison
屠	2217	2217	butchering
屁	2218	2218	fart
屑	2219	2219	rubbish
屡	2221	2221	frequently
屍	2222	2222	corpse
屏	2223	2223	folding screen
嵩	2224	2224	high-reaching
崚	2225	2225	rugged mountains
峨	2226	2226	high mountain
嶺	2228	2228	mountaintop
嵌	2229	2229	fit into
嵯	2230	2230	rocky
帖	2231	2231	quire
幡	2232	2232	banner
幟	2233	2233	pennant
庖	2234	2234	cleaver
廓	2235	2235	licensed quarters
庇	2236	2236	overhang
鷹	2237	2237	hawk
庄	2238	2238	shire
廟	2239	2239	tomb sanctuary
彊	2240	2240	strengthen
弛	2242	2242	loosen
粥	2243	2243	rice gruel
挽	2244	2244	lathe
撞	2245	2245	bump into
扮	2246	2246	disguise
掠	2247	2247	pillage
掴	2249	2249	clutch
捺	2250	2250	impress
掻	2252	2252	scratch
撰	2253	2253	assortment
揃	2255	2255	muster
捌	2256	2256	deal with
撹	2257	2257	churn up
摺	2258	2258	rubbing
按	2259	2259	press down on
播	2262	2262	disseminate
揖	2263	2263	interpretation
托	2264	2264	receptable
捧	2265	2265	dedicate (RTK3)
撚	2266	2266	twirl
挺	2267	2267	counter for tools
擾	2268	2268	commotion
撫	2270	2270	petting
撒	2271	2271	sprinkle
擢	2272	2272	outstanding
捷	2273	2273	spoils
抉	2274	2274	gouge out
怯	2275	2275	wince
惟	2276	2276	ponder
惚	2277	2277	infatuation
怜	2278	2278	quickwitted
惇	2279	2279	considerate
恰	2281	2281	as if
恢	2282	2282	enlarge
悌	2283	2283	respect for elders
澪	2285	2285	canal
洸	2286	2286	glistening
滉	2287	2287	bounding main
漱	2288	2288	gargle
洲	2289	2289	continent
洵	2290	2290	swirling waters
滲	2291	2291	seep
洒	2292	2292	rinse
沐	2293	2293	douse
泪	2294	2294	teardrops
渾	2295	2295	gushing
涜	2297	2297	blaspheme
梁	2299	2299	roofbeam
澱	2300	2300	sediment
洛	2302	2302	old Kyoto
汝	2303	2303	thou
漉	2304	2304	filter
瀕	2305	2305	on the verge of
濠	2306	2306	moat
溌	2307	2307	spray
湊	2309	2309	port
淋	2310	2310	solitude
浩	2311	2311	abounding
汀	2312	2312	water's edge
鴻	2313	2313	large goose
潅	2314	2314	souse
溢	2315	2315	brimming
湛	2317	2317	inundate
淳	2318	2318	immaculate
渥	2320	2320	moisten
灘	2321	2321	rough seas
汲	2322	2322	draw water
瀞	2323	2323	river pool
溜	2324	2324	cumulation
渕	2325	2325	abyss
沌	2326	2326	chaos
濾	2328	2328	strainer
濡	2329	2329	drench
淀	2330	2330	eddy
涅	2331	2331	fabrication
斧	2333	2333	hatchet
爺	2334	2334	grandpa
猾	2335	2335	sly
猥	2336	2336	indecent
狡	2337	2337	cunning
狸	2338	2338	racoon dog
狼	2339	2339	wolf
狽	2340	2340	flustered
狗	2341	2341	pup
狐	2342	2342	fox
狛	2343	2343	a-un
獅	2345	2345	lion
狒	2346	2346	baboon
莨	2347	2347	tobacco
茉	2348	2348	jasmine
莉	2349	2349	hawthorn
苺	2350	2350	strawberry
萩	2351	2351	bush clover
藝	2352	2352	technique [old]
薙	2353	2353	trim
蓑	2354	2354	straw raincoat
苔	2356	2356	moss
蕩	2357	2357	prodigal
蔓	2359	2359	tendril
蓮	2360	2360	lotus
芙	2361	2361	lotus flower
蓉	2362	2362	lotus blossom
蘭	2363	2363	orchid
芦	2364	2364	hollow reed
薯	2365	2365	yam
菖	2366	2366	iris
蕉	2367	2367	banana
蕎	2369	2369	buckwheat
蕗	2370	2370	butterbur
茄	2372	2372	eggplant
蔭	2374	2374	behind the scenes
蓬	2375	2375	wormwood
芥	2376	2376	mustard
萌	2377	2377	germinate
葡	2378	2378	grape
萄	2379	2379	grape vine
蘇	2380	2380	resurrect
蕃	2381	2381	grow wild
苓	2382	2382	cocklebur
菰	2383	2383	rush mat
蒙	2384	2384	darken
茅	2385	2385	grassy reed
芭	2386	2386	plantain
苅	2387	2387	mow
葱	2389	2389	onion
葵	2391	2391	hollyhock
葺	2392	2392	shingling
蕊	2393	2393	stamen
茸	2394	2394	mushroom
蒔	2395	2395	sowing
芹	2396	2396	parsley
苫	2397	2397	thatching
蒼	2399	2399	pale blue
藁	2400	2400	straw
蕪	2401	2401	turnip
藷	2402	2402	sweet potato
薮	2403	2403	quack
蒜	2404	2404	garlic
蕨	2405	2405	bracken
蔚	2406	2406	grow plentiful
茜	2407	2407	madder red
莞	2408	2408	candle rush
蒐	2409	2409	collector
菅	2410	2410	sedge
葦	2411	2411	ditch reed
迪	2412	2412	Way
辿	2413	2413	track down
這	2414	2414	crawl
迂	2415	2415	detour
遁	2416	2416	elude (RTK3)
逢	2417	2417	tryst
遥	2418	2418	far off
遼	2419	2419	remote (RTK3)
逼	2420	2420	pressing
迄	2421	2421	until
逗	2423	2423	standstill
郁	2424	2424	cultured
鄭	2425	2425	courtesy
隈	2427	2427	nook
憑	2428	2428	possessed
惹	2429	2429	attract
悉	2430	2430	without exception
忽	2431	2431	instantaneously
惣	2432	2432	firstborn son
愈	2433	2433	in the nick of time
恕	2434	2434	sensitive
昴	2435	2435	overarching
晋	2436	2436	progress
晟	2438	2438	aglow
暈	2439	2439	halo
暉	2440	2440	glitter
旱	2441	2441	dry weather
晏	2442	2442	clear skies
晨	2443	2443	morrow
晒	2444	2444	bleaching
晃	2446	2446	limpid
曝	2447	2447	air out
曙	2448	2448	dawn
昂	2449	2449	elevate
昏	2451	2451	dusk
晦	2452	2452	last day of the month
膿	2455	2455	pus
腑	2456	2456	viscera
胱	2457	2457	bladder
胚	2458	2458	embryo
肛	2459	2459	anus
脆	2462	2462	fragile
肋	2463	2463	rib
腔	2465	2465	body cavity
肱	2469	2469	armrest
胡	2470	2470	uncivilized
楓	2471	2471	maple tree
楊	2473	2473	purple willow
椋	2474	2474	Oriental elm
榛	2475	2475	hazel
櫛	2476	2476	comb
槌	2477	2477	wooden hammer
樵	2478	2478	mallet
梯	2479	2479	ladder
柑	2482	2482	citrus tree
杭	2484	2484	picket
柊	2485	2485	holly
柚	2486	2486	citron
椀	2487	2487	wooden bowl
栂	2488	2488	hemlock
柾	2489	2489	spindle tree
榊	2490	2490	sacred Shinto tree
樫	2491	2491	evergreen oak
槙	2492	2492	Chinese black pine
楢	2493	2493	Japanese oak
橘	2494	2494	mandarin orange
桧	2495	2495	Japanese cypress
棲	2496	2496	roost
栖	2497	2497	nestle
桔	2499	2499	bellflower
杜	2500	2500	temple grove
杷	2501	2501	grain rake
梶	2502	2502	oar
杵	2503	2503	wooden pestle
杖	2504	2504	cane
樽	2506	2506	barrel
櫓	2508	2508	turret
橿	2509	2509	sturdy oak
杓	2510	2510	wooden ladle
李	2511	2511	damson
棉	2512	2512	raw cotton
楯	2513	2513	escutcheon
榎	2514	2514	hackberry
樺	2515	2515	birch
槍	2516	2516	lance
柘	2517	2517	wild mulberry
梱	2518	2518	bale
枇	2519	2519	loquat
樋	2520	2520	downspout
橇	2521	2521	sled
槃	2522	2522	enjoyment
栞	2523	2523	bookmark
椰	2524	2524	coconut tree
檀	2525	2525	sandalwood
樗	2526	2526	plotosid
槻	2527	2527	zelkova
椙	2528	2528	cryptomeria
彬	2529	2529	copious
桶	2530	2530	bucket
楕	2531	2531	ellipse
樒	2532	2532	star-anise
毬	2533	2533	furball
燿	2534	2534	twinkle
燎	2535	2535	watchfire
炬	2536	2536	torch
焚	2537	2537	kindle
灸	2538	2538	moxa
燭	2539	2539	candlelight
煽	2540	2540	fanning
煤	2541	2541	soot
煉	2542	2542	firing
燦	2543	2543	dazzling
灼	2544	2544	refulgent
烙	2545	2545	branding
焔	2546	2546	flames
熔	2547	2547	fuse metal
烹	2549	2549	stew
牽	2550	2550	tug
牝	2551	2551	female animal
牡	2552	2552	male animal
瑶	2553	2553	precious stone
琳	2554	2554	chime
琉	2557	2557	lapis lazuli
瑳	2559	2559	burnish
琢	2560	2560	hone
珊	2561	2561	coral
瑚	2562	2562	coral reef
瑞	2563	2563	fortunate
珪	2564	2564	silicon
玖	2565	2565	jet
瑛	2566	2566	crystal stone
玲	2568	2568	tinkling
畢	2570	2570	lastly
畦	2571	2571	paddy-field ridge
痒	2572	2572	itch
痰	2573	2573	phlegm
疹	2574	2574	measles
痔	2575	2575	hemorrhoids
癌	2576	2576	cancer
痺	2579	2579	paralysis
眸	2580	2580	apple of the eye
眩	2581	2581	dizzy
雉	2584	2584	pheasant
矩	2585	2585	carpenter's square
磐	2586	2586	crag
碇	2587	2587	grapnel
碧	2588	2588	blue-green
硯	2589	2589	inkstone
砥	2590	2590	grindstone
碗	2591	2591	teacup
碍	2592	2592	obstacle
碩	2593	2593	illustrious
磯	2594	2594	rocky beach
砺	2595	2595	whetstone
碓	2596	2596	mill
禦	2597	2597	fend off
祷	2598	2598	beseech
祐	2599	2599	ancestral tablet
祇	2600	2600	local god
祢	2601	2601	ancestral shrine
禄	2602	2602	salarium
禎	2603	2603	felicitation
秤	2604	2604	balancing scales
黍	2605	2605	millet
禿	2606	2606	bald
稔	2607	2607	bear fruit
稗	2608	2608	crabgrass
穣	2609	2609	bumper crop
稜	2610	2610	imperial authority
稀	2611	2611	sparse
穆	2612	2612	obeisant
窺	2613	2613	peep
窄	2614	2614	tight
穿	2616	2616	drill
竃	2617	2617	kitchen stove
竪	2618	2618	longness
颯	2619	2619	rustling
站	2620	2620	outpost
靖	2621	2621	repose
妾	2622	2622	concubine
衿	2623	2623	lapel
袷	2625	2625	lined kimono
袴	2626	2626	pleated skirt
襖	2627	2627	sliding door
笙	2628	2628	Chinese panpipe
筏	2629	2629	raft
簾	2630	2630	bamboo blinds
箪	2631	2631	rattan box
竿	2632	2632	pole
箆	2633	2633	spatula
箔	2634	2634	foil
笥	2635	2635	wardrobe
箭	2636	2636	arrow shaft
筑	2637	2637	ancient harp
篠	2639	2639	slender bamboo
箸	2640	1348	chopsticks
纂	2641	2641	redaction
竺	2642	2642	bamboo cane
箕	2643	2643	winnowing fan
笈	2644	2644	backpack
篇	2645	2645	livraison
筈	2646	2646	should
簸	2647	2647	winnow
粕	2648	2648	settlings
糟	2649	2649	lees
糊	2650	2650	paste
籾	2651	2651	unhulled rice
糠	2652	2652	rice bran
糞	2653	2653	excrement
粟	2654	2654	foxtail millet
繋	2655	2655	link up
綸	2656	2656	twine
絨	2657	2657	carpet yarn
絆	2658	2658	ties
緋	2659	2659	scarlet
綜	2660	2660	synthesis
紐	2661	2661	string
紘	2662	2662	chinstrap
纏	2663	2663	summarize
絢	2664	2664	gorgeous
繍	2665	2665	embroidery
紬	2666	2666	pongee
綺	2667	2667	ornate
綾	2668	2668	damask
絃	2669	2669	catgut
縞	2671	2671	stripe
綬	2672	2672	gimp
紗	2673	2673	gossamer
舵	2674	2674	rudder
聯	2676	2676	strung together
聡	2677	2677	attentive
聘	2678	2678	summons
耽	2679	2679	addiction
耶	2680	2680	exclamation
蚤	2681	2681	flea
蟹	2682	2682	crab
蛋	2683	2683	protein
蟄	2684	2684	hibernation
蝿	2685	2685	housefly
蟻	2686	2686	ant
蝋	2688	2688	wax
蝦	2689	2689	shrimp
蛸	2690	2690	octopus
螺	2691	2691	screw
蝉	2692	2692	cicada
蛙	2693	2693	frog
蛾	2694	2694	moth
蛤	2695	2695	clam
蛭	2696	2696	leech
蛎	2697	2697	oyster
罫	2698	2698	ruled lines
袈	2700	2700	stole
裟	2701	2701	monk's sash
截	2703	2703	incision
哉	2704	2704	I wonder
詢	2705	2705	counsel
諄	2706	2706	polite
讐	2707	2707	vendetta
諌	2708	2708	remonstrate
諒	2710	2710	verify
讃	2711	2711	compliment
訊	2713	2713	query
訣	2714	2714	split up
詑	2718	2718	prevarication
誼	2719	2719	familiarity
謬	2720	2720	fallible
詫	2721	2721	beg pardon
諏	2722	2722	advise
諺	2723	2723	proverb
誹	2724	2724	slander
謂	2725	2725	so-called
諜	2726	2726	secret agent
註	2727	2727	footnote
譬	2728	2728	parable
轟	2729	2729	rumble
輔	2730	2730	reinforce
輻	2731	2731	spoke
輯	2732	2732	assemble
豹	2734	2734	panther
賎	2735	2735	despicable
貰	2737	2737	get
賑	2739	2739	bustling
躓	2740	2740	stumble
蹄	2741	2741	hoof
蹟	2743	2743	vestiges
跨	2744	2744	straddle
跪	2745	2745	kneel
醤	2746	2746	soy sauce
醍	2747	2747	whey
醐	2749	2749	ghee
醇	2751	2751	strong saké
麹	2753	2753	malt
釦	2754	2754	button
銚	2755	2755	keg
鋤	2756	2756	plow
鏑	2758	2758	arrowhead
鋸	2759	2759	handsaw
錐	2760	2760	awl
鍬	2762	2762	hoe
鋲	2763	2763	rivet
錫	2764	2764	tin
錨	2765	2765	anchor
釘	2766	2766	nail
鑓	2767	2767	javelin
鋒	2768	2768	sword's point
鎚	2769	2769	hammer
鉦	2770	2770	carillion
錆	2771	2771	rust
鍾	2772	2772	cluster
鋏	2773	2773	scissors
閃	2774	2774	flash
悶	2775	2775	agony
閤	2776	2776	side gate
雫	2778	2778	trickle
霞	2779	2779	haze
翰	2780	2780	quill
斡	2781	2781	auspices
鞍	2782	2782	saddle
鞭	2783	2783	whip
鞘	2784	2784	saddle straps
鞄	2785	2785	briefcase
靭	2786	2786	pliable
鞠	2787	2787	terminate
顛	2789	2789	overturn
穎	2790	2790	brush tip
頗	2793	2793	exceedingly
頌	2794	2794	accolade
頚	2796	2796	neck and throat
餐	2798	2798	repast
饗	2799	2799	feast
蝕	2800	2800	eclipse
飴	2801	2801	sweets
駕	2803	2803	stretcher
騨	2804	2804	piebald
馳	2805	2805	rush
騙	2806	2806	cheat
馴	2807	2807	tame
駁	2808	2808	rebuttal
駈	2809	2809	gallop
驢	2810	2810	donkey
鰻	2811	2811	eel
鯛	2812	2812	sea bream
鰯	2813	2813	sardine
鱒	2814	2814	trout
鮭	2815	2815	salmon
鮪	2816	2816	tuna
鮎	2817	2817	sweet smelt
鯵	2818	2818	horse mackerel
鱈	2819	2819	cod
鯖	2820	2820	mackerel
鮫	2821	2821	shark
鰹	2822	2822	bonito
鰍	2823	2823	bullhead
鰐	2824	2824	alligator
鮒	2825	2825	crucian
鮨	2826	2826	sushi
鰭	2827	2827	fish fin
鴎	2828	2828	seagull
鵬	2829	2829	roc
鸚	2830	2830	parakeet
鵡	2831	2831	parrot
鵜	2832	2832	cormorant
鷺	2833	2833	heron
鷲	2834	2834	eagle
鴨	2835	2835	wild duck
鳶	2836	2836	kite falcon
梟	2837	2837	owl
塵	2838	2838	dust
麒	2840	2840	giraffe
瞑	2842	2842	close the eyes
暝	2843	2843	murky
坐	2844	2844	sitting in mediation
朔	2846	2846	first day of the month
曳	2848	2848	drag
洩	2849	2849	dribble out
彗	2850	2850	comet
慧	2851	2851	astute
嘉	2852	2852	applaud
兇	2853	2853	evil
兜	2854	2854	helmet
欝	2856	2856	depressed
劫	2857	2857	kalpa
歎	2859	2859	bemoan
輿	2860	2860	palanquin
巽	2861	2861	southeast
歪	2862	2862	warped
翠	2863	2863	jade green
黛	2864	2864	blue-black
鼎	2865	2865	tripod
鹵	2866	2866	rocksalt
鹸	2867	2867	lye
虔	2868	2868	reserved
燕	2869	2869	swallow
嘗	2870	2870	lick
殆	2871	2871	almost
孟	2872	2872	start
牌	2873	2873	mahjong tiles
覗	2875	2875	peek
彪	2876	2876	mottled
秦	2877	2877	Manchu dynasty
雀	2878	2878	sparrow
隼	2879	2879	peregrine falcon
耀	2880	2880	shimmering
夷	2881	2881	ebisu
嚢	2883	2883	cyst
暢	2885	2885	carefree
廻	2886	2886	circling
欣	2888	2888	elation
毅	2889	2889	stalwart
斯	2890	2890	this
匙	2891	2891	wooden spoon
匡	2892	2892	set straight
肇	2893	2893	founding
麿	2894	2894	Utamaro
叢	2895	2895	conglomerate
肴	2896	2896	entreat
斐	2897	2897	symmetrically patterned
卿	2898	2898	magistrate
翫	2899	2899	fiddle with
於	2900	2900	within
套	2901	2901	hackneyed
叛	2902	2902	rebellion
尖	2903	2903	sharp point
壷	2904	2904	crock
叡	2905	2905	sapience
酋	2906	2906	chieftain
鴬	2907	2907	nightingale
赫	2908	2908	incandescent
臥	2909	2909	supinate
甥	2910	2910	nephew
瓢	2911	2911	gourd
琵	2912	2912	biwa
琶	2913	2913	lute
叉	2914	2914	forked
舜	2915	2915	rose of Sharon
畠	2916	2916	dry field
圃	2918	2918	vegetable patch
丞	2919	2919	helping hand
亮	2920	2920	translucent
胤	2921	2921	blood relative
疏	2922	2922	transcription
膏	2923	2923	ointment
魁	2924	2924	pioneer
馨	2925	2925	ambrosial
牒	2926	2926	label
瞥	2927	2927	glimpse
睾	2929	2929	testicle
巫	2930	2930	sorceress
敦	2931	2931	empathetic
奎	2932	2932	Andromeda
翔	2933	2933	soar
皓	2934	2934	beaming
黎	2935	2935	tenebrous
赳	2936	2936	bold
已	2937	2937	stop short
棘	2938	2938	thornbush
聚	2939	2939	crowd
甦	2940	2940	resucitate
剪	2941	2941	pruning
躾	2942	2942	upbringing
夥	2943	2943	plentiful
鼾	2944	2944	snore
祟	2945	2945	cast a spell
粁	2946	2946	kilometer
糎	2947	2947	centimeter
粍	2948	2948	millimeter
噸	2949	2949	ton
哩	2950	2950	mile
浬	2951	2951	nautical mile
吋	2952	2952	inch
呎	2953	2953	feet
梵	2954	2954	brahman
陀	2955	2955	Shakyamuni Buddha
薩	2956	2956	bodhisattva
菩	2957	2957	bo tree
唖	2958	2958	babble
迦	2959	2959	Sanskrit ka
牟	2961	2961	moo
珈	2962	2962	jeweled hairpin
琲	2963	2963	beaded hairpin
檜	2964	2964	Japanese cypress [old]
轡	2965	2965	bridle's bit
淵	2966	2966	abyss [old]
伍	2967	2967	V
什	2968	2968	X
萬	2969	2969	ten thousand [old]
邁	2970	2970	pass through
逞	2971	2971	tough
燈	2972	2972	lamp [old]
裡	2973	2973	back [old]
薗	2974	2974	park [alternate]
鋪	2975	2975	shop [alternate]
嶋	2976	2976	island [alternate]
峯	2977	2977	summit [alternate]
巌	2978	2978	boulder [old]
埜	2979	2979	plains [old]
舘	2980	2980	Bldg. [old]
龍	2981	2981	dragon [old]
寵	2982	2982	patronage
聾	2983	2983	deafness
慾	2984	2984	longing [old]
亙	2985	2985	span [old]
躯	2986	2986	body [old]
嶽	2987	2987	Point [old]
國	2988	2988	country [old]
脛	2989	2989	shin
勁	2990	2990	formidable
祀	2992	2992	enshrine
祓	2993	2993	exorcism
躇	2994	2994	dither
壽	2995	2995	longevity [old]
躊	2996	2996	hesitate
饅	2998	2998	bean jam
嘔	2999	2999	retch
鼈	3000	3000	snapping turtle
亨	3001	3001	go smoothly
侑	3002	3002	condone
梧	3003	3003	parasol tree
欽	3004	3004	circumspect
煕	3005	3005	cheer
而	3006	3006	and then
掟	3007	3007	mandate
